"","MSFT.Open","MSFT.High","MSFT.Low","MSFT.Close","MSFT.Volume","MSFT.Adjusted"
"1",30.6200008392334,31.1000003814697,30.1900005340576,30.6599998474121,248098200,23.0361595153809
"2",30.7099990844727,31.2399997711182,29.9099998474121,30.8600006103516,329671600,23.186429977417
"3",30.75,31.2399997711182,28.8400001525879,28.9599990844727,276516500,21.7588806152344
"4",29.2399997711182,29.9200000762939,27.6599998474121,28.1800003051758,505364600,21.172830581665
"5",28.3899993896484,28.7900009155273,27.5699996948242,28.0200004577637,360552800,21.0526180267334
"6",28.0100002288818,28.3999996185303,27.5699996948242,27.9300003051758,307718600,20.9850063323975
"7",28.1299991607666,29.0300006866455,28.0200004577637,28.7700004577637,185126800,21.7172088623047
"8",28.8400001525879,28.9400005340576,28.0200004577637,28.6700000762939,221245100,21.6417236328125
"9",28.7700004577637,29.2999992370605,28.2399997711182,28.5900001525879,284263800,21.5813312530518
"10",28.5200004577637,29.3799991607666,28.5,29.2700004577637,201627400,22.0946350097656
"11",29.1800003051758,29.8999996185303,29.0100002288818,29.5900001525879,249798500,22.3361892700195
"12",29.5,30.5699996948242,29.3899993896484,29.6599998474121,242496700,22.3890266418457
"13",29.7099990844727,29.8600006103516,28.6200008392334,29.1599998474121,206818900,22.0116062164307
"14",29.1299991607666,30.4099998474121,28.9799995422363,30.3400001525879,258483100,22.9023303985596
"15",30.25,31,30.1299991607666,30.6700000762939,288833100,23.1514415740967
"16",30.7700004577637,31.5799999237061,30.6499996185303,30.9599990844727,384127100,23.3703384399414
"17",31,31.4300003051758,30.5200004577637,30.5400009155273,312818100,23.0533008575439
"18",30.6700000762939,31.0599994659424,27.3199996948242,28.2099990844727,495240000,21.294490814209
"19",29.0100002288818,29.7299995422363,28.5699996948242,28.9300003051758,306112300,21.8379878997803
"20",29.1200008392334,29.2299995422363,26.4400005340576,26.8400001525879,366078000,20.3517532348633
"21",26.8500003814697,26.8600006103516,24.5599994659424,25.7999992370605,552699900,19.5631637573242
"22",25.5300006866455,26.9300003051758,25.5200004577637,25.7900009155273,299540400,19.5555820465088
"23",25.8199996948242,25.8299999237061,24.6499996185303,25.6599998474121,402593800,19.4570064544678
"24",25.8600006103516,26.6700000762939,25.4699993133545,26.4400005340576,281383000,20.0484523773193
"25",26.7800006866455,26.8899993896484,24.3099994659424,24.5300006866455,413577000,18.6001644134521
"26",24.5100002288818,24.6100006103516,22.7299995422363,23.2700004577637,429441900,17.6447639465332
"27",23.7000007629395,24.6200008392334,23.5799999237061,24.2700004577637,258121500,18.4030246734619
"28",24.4300003051758,25.6399993896484,24.4200000762939,24.8899993896484,306590500,18.8731441497803
"29",24.9599990844727,26.0200004577637,24.7000007629395,25.8099994659424,338546300,19.5707397460938
"30",25.8600006103516,26.4099998474121,25.3500003814697,25.8099994659424,350607800,19.5707397460938
"31",25.9899997711182,26.3799991607666,25.0200004577637,25.5499992370605,311358400,19.3735961914062
"32",25.5499992370605,25.7299995422363,24.2399997711182,24.3999996185303,336605100,18.5015964508057
"33",24.3600006103516,24.9599990844727,24.2000007629395,24.2299995422363,244265900,18.4707050323486
"34",24.4400005340576,24.6399993896484,23.5100002288818,23.9300003051758,275615000,18.2420101165771
"35",23.7399997711182,24.4500007629395,23.3199996948242,24.2900009155273,289789800,18.5164432525635
"36",24.1000003814697,24.2999992370605,23.7399997711182,23.8500003814697,221754300,18.1810207366943
"37",24.2000007629395,25.5300006866455,24.0900001525879,25.2199993133545,372932600,19.2253856658936
"38",25.2800006866455,25.5200004577637,24.3600006103516,24.7800006866455,294964400,18.8899765014648
"39",24.8500003814697,24.9899997711182,24.2999992370605,24.3799991607666,267898400,18.5850448608398
"40",23.9599990844727,24.75,23.7800006866455,24.5699996948242,318209900,18.7298889160156
"41",24.7399997711182,25.5499992370605,24.4300003051758,25.5400009155273,273969700,19.4693260192871
"42",25.5900001525879,25.9500007629395,24.9500007629395,25.3799991607666,246635300,19.347354888916
"43",25.2399997711182,27.2000007629395,25.0599994659424,26.6700000762939,379945600,20.3307304382324
"44",26.8799991607666,27.4899997711182,26.5300006866455,26.8500003814697,431122500,20.4679489135742
"45",26.6800003051758,28.8700008392334,26.1000003814697,26.2700004577637,309522000,20.025806427002
"46",26.3299999237061,26.5,25.5499992370605,25.6900005340576,287370700,19.7039928436279
"47",25.6499996185303,25.7399997711182,25.0900001525879,25.25,201275400,19.3665256500244
"48",25.1900005340576,27.0599994659424,24.9300003051758,27.0200004577637,350390400,20.724100112915
"49",26.9300003051758,27.3999996185303,26.7600002288818,27.3400001525879,220565600,20.969539642334
"50",27.2700004577637,28.0900001525879,27.1700000762939,27.8999996185303,326785300,21.3990478515625
"51",27.9500007629395,28.3999996185303,27.6800003051758,28.2999992370605,158118800,21.705846786499
"52",28.1200008392334,28.2000007629395,27.6299991607666,27.9099998474121,109735600,21.406717300415
"53",28.0499992370605,28.8500003814697,27.7700004577637,28.6000003814697,328636400,21.9359378814697
"54",28.2600002288818,28.5900001525879,27.9099998474121,28.2999992370605,290269600,21.705846786499
"55",28.1599998474121,28.7399997711182,28.0200004577637,28.0200004577637,220022500,21.4910850524902
"56",28.0200004577637,29.4599990844727,27.4500007629395,27.75,457301200,21.2840003967285
"57",27.7700004577637,28.1100006103516,27.4200000762939,27.7700004577637,274416000,21.2993469238281
"58",27.7999992370605,28.3400001525879,27.0699996948242,27.25,317402300,20.9005107879639
"59",27.2099990844727,27.3700008392334,26.6000003814697,27.0599994659424,297575700,20.8774433135986
"60",26.7800006866455,27.1000003814697,26.4300003051758,26.5499992370605,238623600,20.4839668273926
"61",26.6900005340576,26.8600006103516,25.7999992370605,25.9500007629395,298801800,20.0210552215576
"62",26.1299991607666,26.2700004577637,25.3500003814697,25.6800003051758,271774600,19.8127422332764
"63",25.4899997711182,25.7600002288818,24.6800003051758,24.7999992370605,379249800,19.1338043212891
"64",25.1800003051758,25.9500007629395,25.1499996185303,25.6200008392334,217469200,19.7664451599121
"65",25.6599998474121,25.7199993133545,25.2999992370605,25.4799995422363,258083900,19.6584320068359
"66",25.4500007629395,26.3099994659424,25.4099998474121,26.0699996948242,260688500,20.113639831543
"67",26.1900005340576,26.25,25.0900001525879,25.3700008392334,229671700,19.5735778808594
"68",25.1000003814697,26,24.7199993133545,25.5200004577637,205438400,19.6892967224121
"69",25.5599994659424,26.8700008392334,25.3400001525879,25.9200000762939,554932000,19.9979076385498
"70",25.9400005340576,26.25,25.4799995422363,25.8700008392334,346603800,19.9593372344971
"71",25.7999992370605,25.9599990844727,24.9500007629395,25.0300006866455,382307400,19.3112545013428
"72",24.9599990844727,25.0699996948242,24.25,24.4899997711182,311399200,19.0184745788574
"73",24.2099990844727,25.0300006866455,24.0300006866455,24.7600002288818,263556100,19.228157043457
"74",24.9599990844727,25.1000003814697,23.8400001525879,23.9099998474121,246415300,18.568058013916
"75",23.8899993896484,24.25,23.6900005340576,23.7099990844727,230302200,18.4127502441406
"76",23.7900009155273,24.4500007629395,23.6499996185303,24.2600002288818,280381700,18.8398685455322
"77",24.1700000762939,24.8600006103516,24.1599998474121,24.2999992370605,309192000,18.8709316253662
"78",24.2299995422363,26.1700000762939,24.2299995422363,26.0200004577637,344568900,20.2066459655762
"79",26.1000003814697,26.9799995422363,25.8999996185303,26.9200000762939,196816700,20.9055709838867
"80",26.6200008392334,27.0100002288818,26.3400001525879,26.7800006866455,227695600,20.7968482971191
"81",26.6299991607666,27.6399993896484,26.2600002288818,27.5300006866455,339145900,21.3792839050293
"82",27.2600002288818,28.1499996185303,27.1900005340576,27.3999996185303,442763800,21.2783317565918
"83",27.5100002288818,27.6900005340576,25.2299995422363,25.6800003051758,395323900,19.94260597229
"84",25.0200004577637,25.6200008392334,24.0300006866455,25.1000003814697,543823200,19.4921951293945
"85",25.2399997711182,25.7000007629395,23.9099998474121,24.0499992370605,344816700,18.7946643829346
"86",24.4200000762939,25.3400001525879,23.7900009155273,25.25,279870300,19.7324466705322
"87",25.5300006866455,26.8600006103516,25.3700008392334,25.7999992370605,259910600,20.162260055542
"88",25.2000007629395,26.6599998474121,25.1100006103516,25.7399997711182,227231400,20.1153697967529
"89",25.4400005340576,27.2700004577637,25.2700004577637,27.1200008392334,328067400,21.1938190460205
"90",26.7999992370605,27.5,24.6000003814697,25.0599994659424,335333900,19.5839614868164
"91",25.1900005340576,26.3700008392334,24.7299995422363,24.8899993896484,284882300,19.4511070251465
"92",24.7199993133545,26.5100002288818,24.2600002288818,26.25,349992200,20.5139255523682
"93",26.5799999237061,27.5,26.4699993133545,27.2700004577637,227902500,21.3110389709473
"94",27.1100006103516,27.4699993133545,26.3999996185303,27.1599998474121,287742000,21.2250804901123
"95",27.0599994659424,27.3999996185303,26.1000003814697,26.9799995422363,305706800,21.084415435791
"96",26.7600002288818,27,25.7000007629395,26.25,263900000,20.5139255523682
"97",26.2099990844727,27.2000007629395,26.0599994659424,26.9099998474121,223780500,21.0297050476074
"98",26.8799991607666,27,25.1499996185303,25.2999992370605,249939900,19.9203968048096
"99",25.2399997711182,25.25,24.2999992370605,24.2999992370605,186351300,19.1330299377441
"100",24.9400005340576,25.6299991607666,24.6900005340576,25.2199993133545,269873900,19.8574085235596
"101",25.7800006866455,25.8700008392334,25.3400001525879,25.7000007629395,279971400,20.2353477478027
"102",25.4099998474121,26.1700000762939,25.2900009155273,26,289075400,20.4715557098389
"103",26.0200004577637,26.1900005340576,25.4400005340576,26.0300006866455,236158300,20.4951820373535
"104",25.9599990844727,26.1499996185303,25.7600002288818,25.9599990844727,101122300,20.4400672912598
"105",26.5499992370605,28.1900005340576,26.3899993896484,28.1100006103516,300784500,22.132905960083
"106",28.0499992370605,28.25,27.3700008392334,28.25,294870500,22.2431316375732
"107",28.3999996185303,29.7399997711182,27.9699993133545,29.7099990844727,377212300,23.3926944732666
"108",29.5499992370605,29.9500007629395,29.0699996948242,29.2299995422363,280303600,23.0147552490234
"109",28.9699993133545,30.3999996185303,28.8299999237061,30.2399997711182,263158900,23.8099956512451
"110",30.0400009155273,30.7999992370605,29.9699993133545,30.5,212028100,24.0147132873535
"111",30.6299991607666,31.5499992370605,29.8500003814697,31.25,301016700,24.7672157287598
"112",31.1800003051758,31.6800003051758,31,31.4799995422363,170693200,24.9495048522949
"113",31.2399997711182,32.439998626709,31.1000003814697,32.0800018310547,263780900,25.4250450134277
"114",32.0099983215332,32.2099990844727,31.4899997711182,31.9899997711182,202889100,25.3537120819092
"115",31.9699993133545,32.9500007629395,31.8199996948242,32.5999984741211,239706900,25.8371639251709
"116",32.5400009155273,32.6100006103516,31.7199993133545,32.0099983215332,191946300,25.3695659637451
"117",32.189998626709,32.7000007629395,31.8099994659424,32.2599983215332,183165900,25.5676937103271
"118",32.2200012207031,32.4599990844727,31.0499992370605,31.5200004577637,178430200,24.9812145233154
"119",31.2199993133545,31.3999996185303,30.2299995422363,30.8099994659424,206254900,24.4185009002686
"120",30.9899997711182,32.8899993896484,30.7700004577637,32.4199981689453,273865400,25.6945037841797
"121",32.310001373291,32.5200004577637,31.8299999237061,31.9799995422363,246492000,25.3457775115967
"122",31.9799995422363,32.3400001525879,30.9200000762939,30.9799995422363,206343300,24.5532341003418
"123",30.7000007629395,31.5400009155273,30.1000003814697,31.1599998474121,232577500,24.6958904266357
"124",30.8199996948242,31.0400009155273,29.1700000762939,29.2700004577637,267124700,23.350191116333
"125",29.1000003814697,29.8799991607666,28.6399993896484,29.0599994659424,225546000,23.1826572418213
"126",29.3799991607666,29.7199993133545,28.4400005340576,28.4500007629395,175112600,22.6960296630859
"127",28.6200008392334,29.7000007629395,28.3199996948242,29.6499996185303,220846100,23.6533336639404
"128",29.7299995422363,30.0799999237061,28.8199996948242,30.0200004577637,216457700,23.9485015869141
"129",29.9899997711182,31.1399993896484,29.7099990844727,30.7000007629395,264217500,24.4909744262695
"130",30.2999992370605,30.6900005340576,29.4200000762939,30.5900001525879,214975800,24.4032192230225
"131",30.6200008392334,30.7800006866455,29.9500007629395,30.1900005340576,118623900,24.0841217041016
"132",30.1200008392334,30.2299995422363,28.5400009155273,29.3899993896484,210008400,23.4459209442139
"133",29.4799995422363,31.0499992370605,29.0400009155273,30.1200008392334,213447200,24.0282783508301
"134",29.5699996948242,29.8500003814697,28.7800006866455,29.7600002288818,237998700,23.7410869598389
"135",29.75,29.9400005340576,28.9699993133545,29.75,173627600,23.7331123352051
"136",30,30.6499996185303,29.8099994659424,30.4200000762939,134463400,24.267599105835
"137",30.3500003814697,30.9400005340576,30.0100002288818,30.8999996185303,150328600,24.8138256072998
"138",30.8199996948242,30.9599990844727,30.0799999237061,30.5599994659424,137296700,24.54079246521
"139",30.9300003051758,30.9599990844727,30.2199993133545,30.8199996948242,142558000,24.7495784759521
"140",30.4500007629395,31.3600006103516,30.1499996185303,30.9500007629395,173227500,24.8539791107178
"141",30.8299999237061,31.25,30.3999996185303,31.2099990844727,194961700,25.0627613067627
"142",31.1900005340576,31.6100006103516,30.9099998474121,31.1900005340576,267795000,25.046703338623
"143",31,31.0699996948242,29.7399997711182,29.7600002288818,257123500,23.898365020752
"144",29.8099994659424,30.25,29.4200000762939,29.8500003814697,228806300,23.970645904541
"145",29.6399993896484,29.9200000762939,28.7999992370605,29.2000007629395,210053400,23.4486618041992
"146",29.3700008392334,29.7399997711182,28.5,28.6399993896484,284095000,22.9989604949951
"147",28.7299995422363,28.8299999237061,27.7600002288818,28.2099990844727,312983500,22.6536540985107
"148",28.5499992370605,29.7700004577637,28.5,29.5,198643600,23.6895732879639
"149",29.6200008392334,30.2000007629395,28.7999992370605,28.8299999237061,232477100,23.1515445709229
"150",28.9400005340576,29.0100002288818,26.3400001525879,26.5200004577637,383926500,21.4715232849121
"151",26.7999992370605,27.7700004577637,26.4599990844727,27.7000007629395,228455700,22.4268932342529
"152",27.5400009155273,27.5799999237061,26.4899997711182,26.6200008392334,336477300,21.5524864196777
"153",26.7800006866455,26.9799995422363,26.2600002288818,26.4599990844727,256579500,21.422945022583
"154",26.5599994659424,27.6200008392334,26.5200004577637,26.8099994659424,230437800,21.70631980896
"155",26.7900009155273,27.7299995422363,26.6800003051758,27.4500007629395,297436700,22.2244853973389
"156",27.2000007629395,27.25,26.5499992370605,26.5499992370605,120107400,21.495813369751
"157",26.5900001525879,27.7299995422363,26.3700008392334,26.7399997711182,196464300,21.6496448516846
"158",26.7700004577637,26.9799995422363,26.2800006866455,26.8299999237061,257804800,21.7225131988525
"159",26.8999996185303,27.4699993133545,26.7600002288818,27.25,241499900,22.0625553131104
"160",27.2999992370605,28.2299995422363,27,27.8799991607666,292625300,22.572624206543
"161",28.0100002288818,28.2299995422363,27.3999996185303,27.9300003051758,254975500,22.6131057739258
"162",27.8700008392334,28.0200004577637,27.1000003814697,27.5499992370605,199186800,22.3054428100586
"163",27.6499996185303,28.1599998474121,27.5,28.0100002288818,192268300,22.6778793334961
"164",27.8799991607666,28.2000007629395,27.2299995422363,27.7600002288818,163396000,22.6615505218506
"165",27.9699993133545,28.0499992370605,27.3299999237061,27.9500007629395,205019700,22.8166561126709
"166",27.8500003814697,28.5400009155273,27.7000007629395,28,197902700,22.8574733734131
"167",27.9400005340576,28.1599998474121,27.6399993896484,28.0400009155273,253601200,22.8901271820068
"168",27.8799991607666,28.4899997711182,27.8099994659424,28.25,195112900,23.0615577697754
"169",28.2999992370605,28.6599998474121,27.9599990844727,28.6100006103516,163479500,23.3554439544678
"170",28.6399993896484,28.9500007629395,28.1100006103516,28.7000007629395,188910900,23.4289131164551
"171",28.7299995422363,30.3199996948242,28.4699993133545,28.7900009155273,377419500,23.5023765563965
"172",28.6499996185303,30.2399997711182,28.5,29.7700004577637,318668200,24.3023948669434
"173",30.2999992370605,32.8400001525879,30.2700004577637,31.7900009155273,446477000,25.9513931274414
"174",31.7999992370605,33.5200004577637,31.7700004577637,33.4900016784668,281456600,27.3391761779785
"175",33.4199981689453,33.9099998474121,32.3199996948242,32.689998626709,218465000,26.6861000061035
"176",32.6100006103516,34.8699989318848,32.5499992370605,34.8699989318848,259251200,28.6653270721436
"177",34.7299995422363,35.2700004577637,33.9000015258789,34.2700004577637,253047800,28.1720905303955
"178",34.4199981689453,35.2799987792969,34.4099998474121,34.9000015258789,193921000,28.6899852752686
"179",34.9199981689453,35.7799987792969,34.4300003051758,35.6699981689453,241183000,29.3229732513428
"180",35.5099983215332,35.6500015258789,34.25,34.4000015258789,211650600,28.2789573669434
"181",34.689998626709,35.1699981689453,33.0499992370605,33.2700004577637,248935000,27.3500270843506
"182",32.939998626709,34.7900009155273,32.5699996948242,34.5400009155273,243386900,28.3940505981445
"183",34.75,34.9900016784668,33.5800018310547,34.2099990844727,110765700,28.122766494751
"184",34.3499984741211,35.7700004577637,33.9799995422363,35.6699981689453,176513700,29.3229732513428
"185",35.6599998474121,36.4300003051758,31.0200004577637,31.3999996185303,405781800,25.8127689361572
"186",31.7000007629395,32.189998626709,31.2099990844727,31.6200008392334,299500800,25.9936275482178
"187",31.4699993133545,32.1199989318848,31.3999996185303,31.8899993896484,190326400,26.2155723571777
"188",31.8999996185303,33.0699996948242,31.25,32.7000007629395,191229200,26.8814544677734
"189",32.4599990844727,33.3600006103516,30.8400001525879,31.7999992370605,179681700,26.3258037567139
"190",31.7600002288818,35.2000007629395,31.3700008392334,34.75,344954900,28.7679786682129
"191",34.4000015258789,34.6699981689453,32.7999992370605,33.4000015258789,263641400,27.6503677368164
"192",31.75,32.0699996948242,30.9500007629395,31.1499996185303,443907400,25.7876968383789
"193",31.2199993133545,33.0699996948242,31.2000007629395,33.0299987792969,219356400,27.3440589904785
"194",33.3800010681152,33.6800003051758,32.689998626709,32.7900009155273,346587600,27.1453838348389
"195",32.5400009155273,33.75,32.1500015258789,33.2700004577637,193270600,27.5427513122559
"196",33,34.0299987792969,32.7000007629395,33.8800010681152,195216900,28.0477447509766
"197",33.5999984741211,34.1399993896484,32.7999992370605,34.1300010681152,184873900,28.254695892334
"198",33.9000015258789,34.9900016784668,33.7799987792969,34.9599990844727,183138200,28.9418277740479
"199",34.9799995422363,36.2900009155273,33.5699996948242,35.7299995422363,293176200,29.5792751312256
"200",35.6100006103516,35.7900009155273,35.2599983215332,35.5299987792969,189030400,29.4137001037598
"201",35.5900001525879,38.2200012207031,35.5499992370605,37.7799987792969,265866600,31.2763710021973
"202",37.689998626709,38.1599998474121,36.9000015258789,37.8400001525879,200266700,31.3260688781738
"203",37.3499984741211,37.6800003051758,36.6699981689453,37.5699996948242,180829100,31.3384017944336
"204",37.9300003051758,38.2900009155273,37.3499984741211,38.1300010681152,113204600,31.8055229187012
"205",38.0900001525879,38.9799995422363,37.1800003051758,38.3600006103516,299806100,31.9973907470703
"206",38.560001373291,38.9000015258789,36.6199989318848,36.689998626709,184046900,30.6043701171875
"207",36.7299995422363,37.1100006103516,35.5299987792969,36.7999992370605,237423200,30.6961288452148
"208",36.810001373291,37.6199989318848,36.5499992370605,37.2900009155273,71547500,31.104850769043
"209",37.2200012207031,37.5800018310547,36.5999984741211,36.9099998474121,95561000,30.7878875732422
"210",36.8499984741211,36.8899993896484,35.4000015258789,36.0400009155273,216443300,30.062183380127
"211",35.9900016784668,37,34.6300010681152,36.3800010681152,216624000,30.3457851409912
"212",36.8199996948242,37.5499992370605,35.5200004577637,36.810001373291,173821100,30.7044773101807
"213",36.8699989318848,37.8899993896484,35.75,37.8400001525879,261570800,31.5636386871338
"214",37.7400016784668,37.9900016784668,35.689998626709,36.560001373291,243187700,30.4959411621094
"215",36.6300010681152,37.8600006103516,36.2900009155273,37.6199989318848,155003200,31.3801136016846
"216",37.6300010681152,38.3499984741211,37.2099990844727,37.9799995422363,128131800,31.91796875
"217",37.689998626709,38.4599990844727,37.189998626709,38.310001373291,178981800,32.1953086853027
"218",37.9199981689453,38.4799995422363,37.4900016784668,37.9000015258789,127213800,31.850736618042
"219",37.9900016784668,38.4500007629395,37.5099983215332,37.7000007629395,134082400,31.6826610565186
"220",37.9000015258789,40.939998626709,37.7900009155273,40.1599998474121,260132300,33.7500076293945
"221",40.3400001525879,40.9900016784668,39.3400001525879,40.2999992370605,210110900,33.8676795959473
"222",40.4300003051758,41.6599998474121,39.6399993896484,39.8699989318848,189707200,33.5063018798828
"223",39.9599990844727,40.689998626709,39,39.2099990844727,181167900,32.9516410827637
"224",39.1100006103516,40.4199981689453,38.9000015258789,40.0099983215332,133279500,33.623950958252
"225",40.1300010681152,40.6800003051758,39.2999992370605,39.9099998474121,173139100,33.539924621582
"226",40.1399993896484,41.2900009155273,39.6599998474121,39.689998626709,187909100,33.355052947998
"227",39.5200004577637,39.9000015258789,38.5099983215332,39.5400009155273,153085800,33.2289733886719
"228",39.7400016784668,40.5,39.2700004577637,39.8300018310547,136266400,33.7088241577148
"229",39.6100006103516,40.3699989318848,39.4599990844727,40.1199989318848,106478800,33.9542579650879
"230",40.2599983215332,40.9700012207031,39.810001373291,40.939998626709,106327900,34.6482276916504
"231",40.9500007629395,41.6599998474121,39.8600006103516,41.4799995422363,115707900,35.1052436828613
"232",41.3899993896484,41.5699996948242,40.2900009155273,41.2299995422363,104305800,34.893669128418
"233",41.0400009155273,41.9099998474121,40.3400001525879,41.6800003051758,141414000,35.2745132446289
"234",41.7299995422363,42.2900009155273,41.4300003051758,42.25,163546500,35.7569122314453
"235",42.1699981689453,42.2099990844727,41.5299987792969,41.7999992370605,93887500,35.3760604858398
"236",41.75,42.1199989318848,41.0499992370605,42.0900001525879,117554200,35.6214866638184
"237",42.2200012207031,45.7099990844727,42.0299987792969,44.689998626709,239535600,37.8219261169434
"238",44.560001373291,45.4500007629395,44.2200012207031,44.5,190526100,37.6611289978027
"239",44.3600006103516,44.5099983215332,42.5999984741211,42.8600006103516,152076500,36.2731628417969
"240",42.9700012207031,43.4700012207031,42.2099990844727,43.2000007629395,144435400,36.5609169006348
"241",43.2599983215332,44.9000015258789,43,44.7900009155273,125596700,37.9065551757812
"242",44.939998626709,45.4700012207031,44.6800003051758,45.1500015258789,120381100,38.4498901367188
"243",45.4000015258789,45.439998626709,44.6100006103516,45.4300003051758,92336200,38.6883544921875
"244",45.4300003051758,45.9300003051758,44.5299987792969,45.9099998474121,120076200,39.0971183776855
"245",46.0200004577637,47.0200004577637,45.9900016784668,46.7000007629395,180802600,39.7698745727539
"246",46.5400009155273,47.5699996948242,46.0999984741211,47.5200004577637,341969100,40.4681968688965
"247",47.2999992370605,47.3800010681152,45.7599983215332,46.4099998474121,158855300,39.5229034423828
"248",45.9799995422363,46.560001373291,45.6100006103516,46.0900001525879,154785100,39.2504119873047
"249",46.1199989318848,46.8899993896484,43.9500007629395,44.0299987792969,165759600,37.4961013793945
"250",43.8199996948242,44.560001373291,42.0999984741211,43.6300010681152,225158300,37.1554679870605
"251",43.060001373291,46.9000015258789,42.810001373291,46.1300010681152,211061200,39.2844505310059
"252",45.7099990844727,46.9700012207031,45.7099990844727,46.9500007629395,155620800,39.9827728271484
"253",46.8899993896484,48.9199981689453,46.7299995422363,48.6800003051758,128149200,41.4560546875
"254",48.6500015258789,50.0499992370605,48.5200004577637,49.5800018310547,137829500,42.2224922180176
"255",49.4099998474121,49.7099990844727,47.5699996948242,47.9799995422363,144887000,41.1176452636719
"256",47.9900016784668,48.2000007629395,47.2799987792969,47.810001373291,112140200,40.9719505310059
"257",47.8800010681152,49.060001373291,47.7099990844727,48.4199981689453,138133700,41.4947052001953
"258",48.2599983215332,48.3499984741211,46.6699981689453,46.9500007629395,144734200,40.2349548339844
"259",47.2000007629395,48.0999984741211,44.9000015258789,47.6599998474121,216676900,40.8434066772461
"260",47.7799987792969,48.7999992370605,47.7099990844727,47.8800010681152,74849700,41.0319557189941
"261",47.7000007629395,47.7799987792969,46.4500007629395,46.7599983215332,80290600,40.0721397399902
"262",46.3699989318848,47.8199996948242,45.4900016784668,47.189998626709,158825300,40.4406356811523
"263",47.4199981689453,47.9099998474121,45.1699981689453,46.2400016784668,157088200,39.6265106201172
"264",46.2999992370605,47.3899993896484,45.4799995422363,47.1800003051758,137352600,40.432056427002
"265",47,47.1300010681152,40.3499984741211,40.4000015258789,437786800,34.6217727661133
"266",40.5900001525879,42.7900009155273,40.2299995422363,42.4099998474121,215214500,36.3442993164062
"267",42.2400016784668,43.8699989318848,42.1800003051758,43.8699989318848,172848000,37.5954704284668
"268",43.9700012207031,44,43.0499992370605,43.8600006103516,118131900,37.8544006347656
"269",43.7000007629395,44.2999992370605,43.6500015258789,43.8499984741211,150315300,37.845760345459
"270",43.6699981689453,44.189998626709,42.1500015258789,42.3600006103516,148863600,36.5597915649414
"271",42.189998626709,43.1300010681152,40.6100006103516,41.3800010681152,221483200,35.7139854431152
"272",41.4700012207031,42.9799995422363,41.1500015258789,42.8800010681152,216925300,37.0085716247559
"273",42.8800010681152,43.1699981689453,40.8300018310547,40.9700012207031,167126300,35.3601188659668
"274",41.0999984741211,41.5400009155273,40.1199989318848,40.2900009155273,144289700,34.7732276916504
"275",40.3400001525879,41.9500007629395,40.1800003051758,41.7200012207031,146532400,36.0074157714844
"276",41.4000015258789,42.4599990844727,41.1599998474121,41.6199989318848,146762000,35.9211158752441
"277",41.7299995422363,48.1399993896484,41.6800003051758,47.8699989318848,274379000,41.3153228759766
"278",47.2299995422363,49.5400009155273,47.2200012207031,48.6599998474121,271446400,41.9971542358398
"279",48.3699989318848,48.8699989318848,46.0200004577637,47.75,205178300,41.2117576599121
"280",47.5499992370605,48.9099998474121,46.4199981689453,48.2999992370605,150345900,41.6864395141602
"281",47.9799995422363,48.2200012207031,46.8199996948242,46.9000015258789,125890500,40.7411956787109
"282",46.8300018310547,48.0200004577637,46.189998626709,46.8600006103516,112720800,40.7064628601074
"283",47.060001373291,47.7700004577637,45.8400001525879,46.1399993896484,131521400,40.0810089111328
"284",46.2999992370605,46.9199981689453,45.4599990844727,45.9700012207031,126223900,39.9333152770996
"285",45.4500007629395,46.8300018310547,45.0200004577637,46.0999984741211,185524200,40.0462608337402
"286",46.3300018310547,46.7200012207031,45.0299987792969,45.2599983215332,151556800,39.3165740966797
"287",45.0400009155273,45.2299995422363,43.939998626709,44.4000015258789,120123000,38.5694923400879
"288",43.9599990844727,45.2200012207031,43.3199996948242,44.6100006103516,157146200,38.7519340515137
"289",44.9799995422363,46.7799987792969,44.9500007629395,46.6199989318848,133427000,40.497974395752
"290",46.6500015258789,47.3300018310547,45.0999984741211,45.939998626709,198833400,39.9072685241699
"291",45.939998626709,47.4000015258789,44.7900009155273,46.7000007629395,185955600,40.5674819946289
"292",46.9799995422363,48.4099998474121,46.2599983215332,46.7400016784668,131020500,40.6022033691406
"293",46.9500007629395,47.4900016784668,45.7099990844727,47,126599300,40.828067779541
"294",46.810001373291,47.4500007629395,43.0699996948242,43.0699996948242,182450600,37.6608734130859
"295",40.4500007629395,44.1500015258789,39.7200012207031,43.9300003051758,301968200,38.4128723144531
"296",43.560001373291,43.9799995422363,41.6599998474121,42.6100006103516,187226100,37.258659362793
"297",43.2999992370605,44.4000015258789,42.75,43.4799995422363,124438400,38.0193786621094
"298",43.4300003051758,45,42.8600006103516,43.4799995422363,171822300,38.0193786621094
"299",43.6199989318848,44.7299995422363,43.2700004577637,43.939998626709,128698500,38.4216079711914
"300",43.8300018310547,45.5699996948242,43.0499992370605,45.5699996948242,165833200,39.8469009399414
"301",45.75,47.5400009155273,45.7000007629395,47.1100006103516,151471300,41.193489074707
"302",46.9799995422363,47.5400009155273,46.5,47.5099983215332,118094400,41.5432472229004
"303",47.4199981689453,54.0699996948242,47.0200004577637,52.8699989318848,277198300,46.2300987243652
"304",52.5299987792969,54.3699989318848,52.5,52.6399993896484,239455900,46.028980255127
"305",52.8499984741211,54.9799995422363,52.6199989318848,54.9199981689453,168289400,48.0226440429688
"306",54.5499992370605,54.8699989318848,52.5299987792969,52.8400001525879,196522400,46.2038688659668
"307",53.0800018310547,54.6599998474121,52.8499984741211,54.189998626709,158723300,47.7037010192871
"308",54.25,54.4599990844727,53.5800018310547,53.9300003051758,82850100,47.4748268127441
"309",54.5400009155273,56.2299995422363,53.9300003051758,55.9099998474121,226060600,49.2178268432617
"310",55.7900009155273,56.0999984741211,54.0099983215332,54.060001373291,171286300,47.5892639160156
"311",54.3300018310547,56.7900009155273,53.6800003051758,54.1300010681152,250080300,47.6508903503418
"312",54.8800010681152,55.9599990844727,54.2299995422363,55.6699981689453,102406800,49.0065574645996
"313",55.3499984741211,56.8499984741211,54.9799995422363,55.4799995422363,99228300,48.8393020629883
"314",54.3199996948242,55.3899993896484,52.0699996948242,52.3300018310547,232695500,46.066349029541
"315",52.5099983215332,54.0699996948242,50.3400001525879,50.9900016784668,264125500,44.8867301940918
"316",51.4799995422363,52.3300018310547,49.0999984741211,52.2900009155273,184584500,46.0311241149902
"317",51.939998626709,55.0900001525879,51.0200004577637,55.0900001525879,246509200,48.4959754943848
"318",54.8800010681152,55.0900001525879,49.560001373291,50.1599998474121,267078200,44.1560745239258
"319",49.5499992370605,50.6800003051758,48.189998626709,50.5,227389900,44.4553756713867
"320",50.9000015258789,52.9500007629395,50.1300010681152,51.8199996948242,138815300,45.9449195861816
"321",52.2799987792969,53,50.2000007629395,51.2999992370605,149833500,45.4838638305664
"322",51.3499984741211,52.9700012207031,50.6599998474121,52.0299987792969,151430400,46.1310958862305
"323",51.560001373291,53.0699996948242,50.5800018310547,53.0699996948242,171158000,47.0531921386719
"324",52.7099990844727,55,52.6300010681152,53.4900016784668,172729500,47.4255867004395
"325",53.25,54.3300018310547,52.9300003051758,54.2099990844727,87128800,48.0639495849609
"326",54.2099990844727,55.6399993896484,53.3300018310547,55.5699996948242,114717400,49.2697563171387
"327",55.4300003051758,55.6599998474121,54.2099990844727,54.4199981689453,100782100,48.2501373291016
"328",54.4900016784668,55.9199981689453,53.7599983215332,55.6500015258789,116847400,49.340690612793
"329",55.4900016784668,56.7700004577637,50.7700004577637,51.7799987792969,255321700,45.9094581604004
"330",51.7799987792969,52.3499984741211,49.3499984741211,49.8699989318848,201675300,44.2159881591797
"331",50,50.75,49.4599990844727,50.3899993896484,134010300,44.6770477294922
"332",50.4900016784668,51.9000015258789,50,51.0800018310547,111576800,45.2888107299805
"333",50.7999992370605,51.9599990844727,49.8199996948242,50.6199989318848,120491200,45.1948852539062
"334",50.5999984741211,52.4900016784668,49.9799995422363,52.3199996948242,126973400,46.7126884460449
"335",52.2599983215332,53,51.5999984741211,51.7900009155273,109187000,46.2394790649414
"336",51.9900016784668,52.7299995422363,51.0400009155273,51.4799995422363,106398400,45.9627151489258
"337",49.5800018310547,50.7200012207031,49.060001373291,50.1300010681152,236451600,44.7573890686035
"338",50.6399993896484,52.060001373291,49.5200004577637,49.8300018310547,261054300,44.4895477294922
"339",49.0999984741211,51.7200012207031,48.0400009155273,51.1599998474121,169589200,45.6769943237305
"340",50.8300018310547,52.3600006103516,50.3899993896484,52.2999992370605,100950100,46.6948280334473
"341",52.5,54,52.4700012207031,53.7000007629395,131513500,47.9447860717773
"342",53.7000007629395,56.8400001525879,52.9300003051758,56.5699996948242,239597600,50.507194519043
"343",56.4700012207031,57.2900009155273,55.7200012207031,56.6800003051758,154126200,50.6054191589355
"344",56.5999984741211,58.2099990844727,56.1399993896484,57.9599990844727,139123900,51.748233795166
"345",58.060001373291,58.5,57.6199989318848,57.939998626709,91968600,51.7303695678711
"346",58.0099983215332,58.5,57.2000007629395,57.6199989318848,90149100,51.7652893066406
"347",57.5999984741211,58.7000007629395,57.2599983215332,58.0299987792969,91629600,52.1336402893066
"348",58.1800003051758,58.5999984741211,57.0099983215332,57.6699981689453,99183600,51.810230255127
"349",57.7799987792969,57.8400001525879,56.2099990844727,56.2099990844727,89031800,50.4985694885254
"350",56,57.6300010681152,55.6100006103516,57.25,154949700,51.4329109191895
"351",57.2700004577637,58,56.75,57.4300003051758,111805900,51.5946159362793
"352",57.0800018310547,58.1699981689453,56.6800003051758,57.5999984741211,125664500,51.7473335266113
"353",57.4099998474121,57.9799995422363,56.9700012207031,57.7999992370605,92303400,51.9270057678223
"354",57.9099998474121,58.3899993896484,56.3199996948242,57.4199981689453,119587600,51.585620880127
"355",57.3600006103516,60.4500007629395,56.6599998474121,59.6599998474121,195345700,53.5980224609375
"356",59.939998626709,61.3699989318848,59.5800018310547,59.8699989318848,181170400,53.786678314209
"357",60.1599998474121,60.4199981689453,58.5200004577637,58.7099990844727,123412100,52.7445487976074
"358",59.7799987792969,60.7799987792969,57.6300010681152,59.0200004577637,200822900,53.0230598449707
"359",59.0200004577637,61.1399993896484,57.2799987792969,60.3499984741211,164384000,54.5841903686523
"360",60.5,61.2599983215332,60.1300010681152,60.5299987792969,73117800,54.7469787597656
"361",60.3400001525879,61.4099998474121,58.7999992370605,59.25,137812500,53.5892715454102
"362",59.7000007629395,61.9900016784668,59.560001373291,61.9700012207031,122838900,56.0494003295898
"363",61.8199996948242,63.4500007629395,61.7200012207031,62.2999992370605,156392700,56.3478851318359
"364",62.560001373291,64.0999984741211,62.4199981689453,63.2400016784668,112043300,57.1980781555176
"365",63.2099990844727,64.0699996948242,62.0299987792969,62.1399993896484,62247000,56.2031784057617
"366",62.7900009155273,63.1500015258789,62.0299987792969,62.8400001525879,86833000,56.8362846374512
"367",62.7599983215332,63.4000015258789,61.9500007629395,62.7000007629395,100883500,56.709659576416
"368",62.6800003051758,62.9799995422363,62.0299987792969,62.7400016784668,88999300,56.7458419799805
"369",62.7000007629395,65.9100036621094,62.5699996948242,65.7799987792969,159815800,59.4954032897949
"370",65.6900024414062,65.7900009155273,62.75,63.6800003051758,172722200,57.5960235595703
"371",63.5,64.4400024414062,63.1399993896484,64,98985100,57.8854637145996
"372",64.2399978637695,65.2399978637695,64.0199966430664,64.620002746582,104828800,58.8005676269531
"373",64.6100006103516,64.9499969482422,64.0500030517578,64.620002746582,82018500,58.8005676269531
"374",64.5400009155273,64.9899978637695,63.6199989318848,64.25,108724300,58.4638748168945
"375",63.9700012207031,65.2600021362305,63.810001373291,64.9300003051758,98167200,59.082649230957
"376",65.0100021362305,65.2399978637695,64.1500015258789,64.870002746582,129108000,59.0280570983887
"377",64.9100036621094,65.5,64.120002746582,64.9800033569336,103804900,59.1281433105469
"378",64.629997253418,66.1900024414062,64.3499984741211,65.8600006103516,88476600,59.9288940429688
"379",65.8099975585938,66.3499984741211,65.1900024414062,65.6800003051758,87058900,59.7650985717773
"380",65.6100006103516,65.8600006103516,64.8499984741211,64.9499969482422,71749200,59.1008415222168
"381",65.0400009155273,66.6999969482422,64.8899993896484,66.4000015258789,113659800,60.4202537536621
"382",67.4800033569336,69.1399993896484,67.0999984741211,68.4599990844727,160723300,62.294734954834
"383",68.6800003051758,69.7099990844727,68.4899978637695,69,125666700,62.7861175537109
"384",68.9700012207031,69.5599975585938,68.0400009155273,68.379997253418,106905800,62.2219467163086
"385",68.1399993896484,69.4400024414062,67.1399993896484,67.6900024414062,149197500,61.9471435546875
"386",67.8899993896484,70.2200012207031,67.5,69.9599990844727,87939300,64.0245590209961
"387",69.7900009155273,71.8600006103516,69.4499969482422,71.7600021362305,103883100,65.6718521118164
"388",71.9700012207031,72.8899993896484,68.5899963378906,70.3199996948242,160905400,64.35400390625
"389",69.25,71.0999984741211,68.129997253418,70,172944800,64.0611419677734
"390",70.5,71.25,69.7099990844727,71.2099990844727,115784600,65.1685028076172
"391",71.4000015258789,71.7099990844727,68.0899963378906,68.9300003051758,123708100,63.0819320678711
"392",69.3300018310547,69.8399963378906,68.0199966430664,69.4599990844727,75337700,63.5669708251953
"393",69.4599990844727,73.2699966430664,69.1999969482422,72.7799987792969,96363300,66.6052932739258
"394",72.8000030517578,74.3000030517578,72.6600036621094,73.7900009155273,159733500,67.5296020507812
"395",73.5299987792969,74.4199981689453,72.3199996948242,73.0400009155273,114816600,66.8432464599609
"396",73.3000030517578,73.4400024414062,71.4400024414062,72.6800003051758,113025000,66.513801574707
"397",72.8000030517578,73.129997253418,71.2799987792969,72.5,109141900,66.3490600585938
"398",73.0599975585938,74.0999984741211,71.9300003051758,72.4899978637695,99167400,66.6933364868164
"399",72.4700012207031,73.3499984741211,71.6999969482422,72.8199996948242,75737600,66.9969711303711
"400",73.0599975585938,74.9599990844727,72.0500030517578,73.9400024414062,92334900,68.0273971557617
"401",73.3399963378906,74.5999984741211,72.9800033569336,73.9800033569336,70266800,68.0642242431641
"402",74.3099975585938,75.4899978637695,74.0699996948242,75.3099975585938,99998400,69.2878494262695
"403",75.2300033569336,75.9700012207031,73.8499984741211,74.4100036621094,94285700,68.459831237793
"404",74.0899963378906,74.5400009155273,72.9199981689453,74.4899978637695,89696800,68.5334167480469
"405",74.7099990844727,76.120002746582,73.7099990844727,76,75968000,69.9226760864258
"406",75.9700012207031,77.870002746582,75.8600006103516,77.4899978637695,72932100,71.2935256958008
"407",77.4199981689453,78.9700012207031,77.25,78.8099975585938,80464000,72.5079727172852
"408",78.9899978637695,86.1999969482422,78.0100021362305,83.8099975585938,161742600,77.108154296875
"409",83.6999969482422,84.5400009155273,82.879997253418,84.1399993896484,122777100,77.4117584228516
"410",84.1999969482422,84.9000015258789,82.9000015258789,83.870002746582,96411000,77.1633605957031
"411",83.6600036621094,84.0999984741211,82.2399978637695,82.4000015258789,95423100,76.191650390625
"412",82.4000015258789,83.9000015258789,82.25,83.2600021362305,65531200,76.9868392944336
"413",83.3099975585938,85.0599975585938,83.1800003051758,84.2600021362305,130159000,77.911506652832
"414",84.4199981689453,84.5800018310547,80.6999969482422,84.1600036621094,139082900,77.8190307617188
"415",84.2900009155273,87.0899963378906,84.120002746582,86.8499984741211,142087400,80.3063354492188
"416",87.120002746582,87.5,84.7099990844727,85.5100021362305,101620000,79.0672912597656
"417",85.3099975585938,86.0500030517578,85.0299987792969,85.5400009155273,53880900,79.0950546264648
"418",86.129997253418,88.4100036621094,85.5,88.1900024414062,93864300,81.5453948974609
"419",88.1999969482422,89.7799987792969,87.2399978637695,89.5999984741211,102329900,82.8491439819336
"420",90.0999984741211,90.7900009155273,88.0100021362305,90,123255600,83.2190322875977
"421",90,94.0599975585938,89.7399978637695,94.0599975585938,135847300,86.9731140136719
"422",95.1399993896484,96.0699996948242,91.5,91.7799987792969,214057000,84.8649063110352
"423",90.5599975585938,93.2399978637695,83.8300018310547,88.1800003051758,279265500,81.5361404418945
"424",88.7399978637695,93.5,87.8000030517578,92,155509700,85.4679336547852
"425",91.4800033569336,94.0699996948242,91.0100021362305,94.0599975585938,108556200,87.3816757202148
"426",94.4000015258789,95.8399963378906,90.8600006103516,93.0500030517578,157202200,86.443359375
"427",92.3399963378906,96.5400009155273,92.2600021362305,96.5400009155273,135618600,89.6855926513672
"428",96.5,97.2399978637695,92.8300018310547,94.5999984741211,170285800,87.8833389282227
"429",93.7399978637695,94.0500030517578,87.0800018310547,87.1800003051758,163550000,80.9901580810547
"430",90.6100006103516,95.1399993896484,88.4000015258789,91.2699966430664,211334400,84.7897796630859
"431",90.4700012207031,93.0699996948242,87.5100021362305,90.2300033569336,189087100,83.823600769043
"432",91.0400009155273,94.1800003051758,90.620002746582,93.0800018310547,133323000,86.4712600708008
"433",94.0699996948242,97.0699996948242,93.4199981689453,95,122809300,88.2549209594727
"434",95.7399978637695,97.9000015258789,90.2799987792969,95.8199996948242,181387700,89.0167083740234
"435",96.3300018310547,96.4000015258789,92.4499969482422,95.1600036621094,154077300,88.4035873413086
"436",95.1699981689453,97.9499969482422,95.0500030517578,97.6999969482422,114220400,90.7632369995117
"437",97.9199981689453,98.6900024414062,95.8300018310547,96.3600006103516,96545300,89.9063873291016
"438",97,98.9800033569336,96.3199996948242,98.3600006103516,101128100,91.7724304199219
"439",97.8399963378906,100.860000610352,97.2300033569336,100.790000915527,113626000,94.039680480957
"440",101.26000213623,102.690002441406,100.379997253418,101.629997253418,122316200,94.8234252929688
"441",101.01000213623,102.029998779297,100.069999694824,100.129997253418,162739400,93.4238815307617
"442",100.01000213623,102.519996643066,99.4199981689453,100.410003662109,140541200,93.6851425170898
"443",100,100.110000610352,97.2600021362305,98.6100006103516,148332800,92.0056838989258
"444",98.0999984741211,101.430000305176,98,101.160003662109,72446800,94.3848876953125
"445",101.650001525879,105.599998474121,101.099998474121,105.430000305176,106120800,98.3689193725586
"446",105.400001525879,108.199996948242,103.889999389648,106.269996643066,173358100,99.1526641845703
"447",106.300003051758,111.150001525879,106.129997253418,107.680000305176,155103100,100.468223571777
"448",107.190002441406,108.089996337891,104.76000213623,108.040000915527,130716100,100.80411529541
"449",108.120002746582,110.160003662109,107.559997558594,109,83694500,101.699829101562
"450",109.23999786377,109.75,106.690002441406,107.580001831055,104689400,100.761199951172
"451",107.51000213623,108.559997558594,105.779998779297,108.400001525879,94198400,101.529220581055
"452",109.269996643066,112.779998779297,108.51000213623,112.330001831055,105653200,105.210136413574
"453",110.849998474121,111.959999084473,107.230003356934,108.209999084473,101483200,101.351264953613
"454",108.839996337891,113.730003356934,108.360000610352,113.370002746582,109098700,106.184219360352
"455",113.690002441406,115.290000915527,111.040000915527,114.26000213623,159580000,107.01781463623
"456",113.029998779297,115.099998474121,112.220001220703,114.370002746582,110093600,107.120834350586
"457",114.75,116.180000305176,110.639999389648,112.129997253418,120208900,105.022834777832
"458",111.660003662109,113.080001831055,104.199996948242,109.569999694824,228861900,102.625068664551
"459",108.910003662109,111.809997558594,106.949996948242,108.660003662109,155518200,101.772750854492
"460",109.319999694824,110.540000915527,101.589996337891,106.959999084473,251383700,100.180488586426
"461",108.110000610352,108.699996948242,100.110000610352,106.160003662109,242639700,99.4312133789062
"462",106.370002746582,112.23999786377,105.900001525879,109.569999694824,147847300,102.625068664551
"463",109.419998168945,109.959999084473,103.910003662109,108.290000915527,180498800,101.864372253418
"464",108.269996643066,108.559997558594,99.3499984741211,103.069999694824,150780100,96.9540939331055
"465",104.790000915527,111.330001831055,104.580001831055,110.889999389648,170038000,104.310081481934
"466",113,113.419998168945,104.300003051758,104.819999694824,174082100,98.6002883911133
"467",104.800003051758,111.269996643066,103.889999389648,106.029998779297,197742900,99.7384490966797
"468",105.410003662109,106.879997253418,97.4599990844727,98.2300033569336,356051000,92.4013290405273
"469",97.6800003051758,102.410003662109,93.9599990844727,100.389999389648,183264800,94.4331207275391
"470",101.290000915527,102.51000213623,97.1999969482422,101.930000305176,155142800,95.8817367553711
"471",101.639999389648,104.879997253418,100.980003356934,102.800003051758,157833100,96.7001419067383
"472",101.900001525879,107.900001525879,101.26000213623,107.709999084473,155699200,101.318778991699
"473",106.75,107.879997253418,104.860000610352,107.169998168945,112636000,100.810821533203
"474",106.26000213623,106.480003356934,102.169998168945,102.779998779297,201611200,96.6813201904297
"475",102.870002746582,107.269996643066,102.769996643066,105.669998168945,130472100,99.3998260498047
"476",106.199996948242,108.300003051758,104.970001220703,108.220001220703,110757200,101.798522949219
"477",107.790000915527,111.199996948242,106.290000915527,110.970001220703,96472600,104.831130981445
"478",111.76000213623,113.23999786377,110.879997253418,112.529998779297,119359500,106.304847717285
"479",113.019996643066,113.25,108.800003051758,110.51000213623,111990700,104.396591186523
"480",110.98999786377,117.25,110.980003356934,115.910003662109,173582600,109.49787902832
"481",116.169998168945,120.819999694824,116.050003051758,117.050003051758,160388500,110.574798583984
"482",116.559997558594,118.709999084473,115.519996643066,117.940002441406,119632800,111.415557861328
"483",118.949996948242,120.430000305176,118.099998474121,119.889999389648,99731100,113.257675170898
"484",119.809997558594,120.980003356934,118.580001831055,120.949996948242,83159600,114.259048461914
"485",120.940002441406,123.519996643066,120.099998474121,123.370002746582,77156300,116.545188903809
"486",122.620002746582,131.369995117188,122.569999694824,129.889999389648,132620000,122.704460144043
"487",129.899993896484,130.699996948242,125.519996643066,128.899993896484,119573700,121.769233703613
"488",126.389999389648,128.559997558594,123.569999694824,127.129997253418,146827400,120.097175598145
"489",124.110000610352,130.460006713867,123.040000915527,128.070007324219,139816600,121.433006286621
"490",126.519996643066,128.240005493164,124.73999786377,126.23999786377,92123900,119.697822570801
"491",126.980003356934,128,123.319999694824,123.680000305176,89367900,117.270523071289
"492",123.849998474121,132.25,119.01000213623,131.399993896484,147636900,124.590431213379
"493",132.399993896484,134.240005493164,130.710006713867,132.449996948242,102505800,125.586013793945
"494",132.630004882812,137.729995727539,132.529998779297,136.970001220703,133967200,129.871734619141
"495",137,138.399993896484,132.729995727539,133.960006713867,124214400,127.017776489258
"496",136.630004882812,137.740005493164,134.970001220703,137.059997558594,69621700,129.957107543945
"497",136.399993896484,139.220001220703,135.369995117188,138.899993896484,102201900,131.701751708984
"498",139.440002441406,140.669998168945,134.669998168945,136.619995117188,138962800,129.539947509766
"499",137.410003662109,141.679992675781,137.330001831055,141.339996337891,101242300,134.01530456543
"500",141.5,141.509994506836,135.080001831055,136.899993896484,143400300,129.805404663086
"501",133.300003051758,139.380004882812,130.779998779297,137.710006713867,159824000,130.573440551758
"502",137.070007324219,138.800003051758,132.25,136.130004882812,130689700,129.505126953125
"503",137.850006103516,139.490005493164,132.800003051758,133.389999389648,117702400,126.898498535156
"504",134.990005493164,139.179992675781,133.550003051758,137.860000610352,104916800,131.150909423828
"505",136.610000610352,140.380004882812,135.699996948242,139.100006103516,83791500,132.330596923828
"506",139.589996337891,139.75,134.509994506836,137.320007324219,129776500,130.637222290039
"507",135.830001831055,142.369995117188,135.660003662109,139.440002441406,133467100,132.654083251953
"508",139.229995727539,140.690002441406,136.029998779297,137.729995727539,108228800,131.027252197266
"509",138.050003051758,140.25,133.220001220703,138.119995117188,116299800,131.398239135742
"510",137.139999389648,141.029998779297,135.619995117188,139.679992675781,103704700,132.882369995117
"511",139.690002441406,141.789993286133,136.559997558594,137.410003662109,107485700,130.72282409668
"512",138.449996948242,141.139999389648,135.610000610352,140.729995727539,140342800,133.881271362305
"513",144.399993896484,145.669998168945,142.649993896484,143.720001220703,132099700,136.725738525391
"514",144.830001831055,145.990005493164,143.199996948242,145.960006713867,86257400,138.856781005859
"515",145.339996337891,149.990005493164,144.729995727539,149.970001220703,93138900,142.671585083008
"516",150.070007324219,151.330001831055,148.460006713867,149.589996337891,105644400,142.794311523438
"517",150,152.5,149.919998168945,151.380004882812,74202700,144.503067016602
"518",151.809997558594,151.869995117188,146.649993896484,151.75,103331700,144.856185913086
"519",151.070007324219,154.889999389648,150.330001831055,154.529998779297,100477600,147.509887695312
"520",155.110000610352,158.490005493164,153.75,157.410003662109,152135400,150.25910949707
"521",158.119995117188,159.550003051758,157.119995117188,158.960006713867,59640800,151.738693237305
"522",158.990005493164,160.729995727539,156.449996948242,158.619995117188,78456100,151.414154052734
"523",157.080001831055,163.220001220703,156.509994506836,161.339996337891,112305200,154.010559082031
"524",161.759994506836,167.470001220703,161.259994506836,167.100006103516,124758900,159.508880615234
"525",166.679992675781,168.190002441406,164.449996948242,165.039993286133,98254900,157.54248046875
"526",161.149993896484,174.050003051758,160.199996948242,170.229995727539,179472700,162.496704101562
"527",170.429992675781,185.630004882812,170.399993896484,183.889999389648,167007100,175.536163330078
"528",183.580001831055,190.699996948242,181.850006103516,185.350006103516,194512400,176.929840087891
"529",185.610000610352,188.179992675781,177.25,178.589996337891,143224700,170.94255065918
"530",167.770004272461,174.839996337891,152,162.009994506836,382778100,155.072494506836
"531",165.309997558594,175,156,161.570007324219,313160600,154.651397705078
"532",151,161.910003662109,138.580001831055,158.830001831055,378099100,152.028701782227
"533",140,150.149993896484,135,137.350006103516,421347800,131.468536376953
"534",137.009994506836,156.660003662109,132.520004272461,149.699996948242,358740500,143.289642333984
"535",152.440002441406,164.779998779297,150.009994506836,153.830001831055,290191400,147.242828369141
"536",160.320007324219,170,157.580001831055,165.139999389648,229584000,158.06852722168
"537",164.350006103516,180,162.300003051758,178.600006103516,238965600,170.952102661133
"538",176.630004882812,178.75,166.110000610352,174.550003051758,194561900,167.075546264648
"539",176.589996337891,180.399993896484,169.389999389648,174.570007324219,212120100,167.0947265625
"540",174.490005493164,185,173.800003051758,184.679992675781,158545200,176.771759033203
"541",183.149993896484,187.509994506836,175.679992675781,183.160003662109,196126700,175.316864013672
"542",185.75,186.669998168945,182.539993286133,183.509994506836,143271300,176.141067504883
"543",186.339996337891,186.5,176.600006103516,183.25,151531300,175.891510009766
"544",182.539993286133,187.729995727539,181.350006103516,187.199996948242,149383400,179.682891845703
"545",185.940002441406,198.520004272461,184.440002441406,187.740005493164,203096100,180.201187133789
"546",184.580001831055,199.289993286133,184.009994506836,195.149993896484,168517400,187.313659667969
"547",195.789993286133,203.949996948242,194.880004882812,196.330001831055,182956600,188.446273803711
"548",195.779998779297,208.020004272461,193.550003051758,206.259994506836,122388900,197.977554321289
"549",208.830001831055,216.380004882812,207.990005493164,213.669998168945,158397600,205.089981079102
"550",214.479995727539,215.800003051758,201.389999389648,202.880004882812,169482800,194.733261108398
"551",205,213.940002441406,197.509994506836,201.300003051758,231764900,193.216720581055
"552",201.470001220703,205.100006103516,199.009994506836,205.009994506836,149168500,196.777725219727
"553",211.520004272461,217.639999389648,210.309997558594,212.479995727539,217546700,203.94775390625
"554",211.669998168945,211.880004882812,203.139999389648,208.899993896484,141723900,200.511535644531
"555",209.600006103516,216.25,208.910003662109,213.020004272461,132379400,204.960342407227
"556",214.789993286133,231.149993896484,212.429992675781,228.910003662109,171999700,220.249099731445
"557",227,232.860000610352,205.190002441406,214.25,206644900,206.143798828125
"558",206.5,214.839996337891,201.240005493164,204.029998779297,167684900,196.310501098633
"559",204.240005493164,210.649993896484,196.25,200.389999389648,167764400,192.808151245117
"560",197.190002441406,209.039993286133,196.380004882812,207.820007324219,164800400,199.957092285156
"561",210.880004882812,213.990005493164,205.539993286133,206.190002441406,150369100,198.388748168945
"562",207.220001220703,215.860000610352,204.820007324219,215.809997558594,121950800,207.644775390625
"563",218.789993286133,225.210006713867,216.009994506836,219.660003662109,141624900,211.349105834961
"564",220.419998168945,222.300003051758,211.699996948242,216.229995727539,114335300,208.048904418945
"565",213.850006103516,216.339996337891,199.619995117188,202.470001220703,193393800,194.809509277344
"566",204.289993286133,224.360000610352,200.119995117188,223.720001220703,161978000,215.255508422852
"567",224.440002441406,228.119995117188,209.720001220703,216.509994506836,158095900,208.318298339844
"568",214.869995117188,217.740005493164,209.929992675781,210.389999389648,125116000,202.959808349609
"569",210.949996948242,216.270004272461,208.160003662109,215.229995727539,95188300,207.628890991211
"570",214.100006103516,217.320007324219,210.839996337891,214.360000610352,137480700,206.789642333984
"571",214.369995117188,216.949996948242,209.110000610352,213.259994506836,138057400,205.728454589844
"572",213.100006103516,220.889999389648,212.240005493164,218.589996337891,186693000,210.870269775391
"573",217.550003051758,225.630004882812,217.279998779297,222.75,89044300,214.88330078125
"574",224.449996948242,227.179992675781,219.679992675781,222.419998168945,76551100,214.564956665039
"575",222.529998779297,223,211.940002441406,219.619995117188,147534500,211.863861083984
"576",218.470001220703,218.910003662109,212.029998779297,212.649993896484,127595000,205.139999389648
"577",213.75,230.070007324219,212.630004882812,225.949996948242,129140300,217.970306396484
"578",229.119995117188,242.639999389648,224.220001220703,231.960006713867,243806600,223.768051147461
"579",235.059997558594,245.089996337891,232.429992675781,242.199996948242,129739500,233.646392822266
"580",243.149993896484,245.919998168945,240.809997558594,244.990005493164,100275800,236.337875366211
"581",245.029998779297,246.130004882812,240.179992675781,240.970001220703,90570200,232.995239257812
"582",237.419998168945,237.929992675781,227.880004882812,232.380004882812,170376700,224.689544677734
"583",235.899993896484,237.470001220703,224.259994506836,231.600006103516,168766600,223.935348510742
"584",231.369995117188,239.169998168945,227.130004882812,235.75,150656000,227.947982788086
"585",234.960006713867,240.059997558594,229.350006103516,230.350006103516,164952900,222.726715087891
"586",230.270004272461,241.050003051758,230.139999389648,236.479995727539,146927300,228.653839111328
"587",236.589996337891,242.839996337891,231.100006103516,242.350006103516,123981000,234.329559326172
"588",242.759994506836,255.990005493164,242.699996948242,255.850006103516,130514300,247.382781982422
"589",254.710006713867,261,254.619995117188,260.739990234375,124563200,252.110992431641
"590",260.190002441406,261.779998779297,255.639999389648,261.149993896484,114031400,252.507354736328
"591",261.660003662109,263.190002441406,249,252.179992675781,169214700,243.834259033203
"592",253.399993896484,254.350006103516,244.690002441406,252.460006713867,127808000,244.104995727539
"593",250.869995117188,251.729995727539,238.070007324219,248.149993896484,153151300,239.937606811523
"594",246.550003051758,248.330001831055,238.600006103516,245.169998168945,114541800,237.603622436523
"595",247.789993286133,252.940002441406,247.509994506836,249.679992675781,99583800,241.974456787109
"596",251.229995727539,251.649993896484,243,250.789993286133,93208800,243.050201416016
"597",249.979995727539,258.489990234375,249.809997558594,257.890014648438,107035100,249.931076049805
"598",257.899993896484,262.299987792969,254.419998168945,259.429992675781,129177100,251.423568725586
"599",259.820007324219,267.850006103516,257.920013427734,265.019989013672,117966900,256.841064453125
"600",266.190002441406,278,265.910003662109,277.649993896484,104367600,269.081237792969
"601",278.029998779297,280.690002441406,274.299987792969,277.940002441406,103360900,269.362274169922
"602",279.160003662109,284.100006103516,276.579986572266,280.75,116956500,272.085601806641
"603",278.929992675781,289.989990234375,274.450012207031,289.670013427734,129711800,280.730316162109
"604",289,290.149993896484,282.950012207031,284.910003662109,129460200,276.117218017578
"605",286.359985351562,289.630004882812,283.739990234375,289.459991455078,80827200,280.526794433594
"606",289.75,292.899993896484,285.200012207031,292.850006103516,81500400,283.812164306641
"607",293.190002441406,305.839996337891,288.640014648438,304.359985351562,135064000,295.531616210938
"608",303.25,305.649993896484,296.829986572266,299.720001220703,101283900,291.026184082031
"609",301.119995117188,305.190002441406,300.179992675781,301.140014648438,92650700,292.404998779297
"610",301.010009765625,302.140014648438,295.380004882812,295.709991455078,71787600,287.132507324219
"611",297.549987792969,305.320007324219,294.079986572266,299.869995117188,134785900,291.171844482422
"612",296.329986572266,300.899993896484,289.519989013672,299.350006103516,120872700,290.666961669922
"613",296.140014648438,296.470001220703,281.290008544922,289.100006103516,155541500,280.714263916016
"614",287.399993896484,296.640014648438,280.25,294.850006103516,122462500,286.297485351562
"615",292.920013427734,304.450012207031,292.350006103516,304.209991455078,113336700,295.385955810547
"616",303.570007324219,311.089996337891,302.690002441406,309.160003662109,91315900,300.192352294922
"617",309.359985351562,332,306.459991455078,331.619995117188,159314400,322.000885009766
"618",331.359985351562,338.790008544922,326.369995117188,336.059997558594,121622700,326.312072753906
"619",337.299987792969,338.720001220703,329.920013427734,336.720001220703,108386100,326.953002929688
"620",337.540008544922,345.100006103516,334.029998779297,343.109985351562,101090100,333.767120361328
"621",344.619995117188,349.670013427734,328.119995117188,329.679992675781,107337200,320.702850341797
"622",334.940002441406,339.279998779297,318.029998779297,323.010009765625,177332000,314.214477539062
"623",323.950012207031,343,319.230010986328,342.540008544922,146125400,333.212677001953
"624",340.679992675781,343.790008544922,317.25,323.799987792969,191504300,314.982940673828
"625",320.049987792969,336.390014648438,317.570007324219,334.690002441406,97516400,325.576477050781
"626",335.459991455078,344.299987792969,335.429992675781,336.320007324219,84645800,327.162017822266
"627",335.350006103516,338,310.089996337891,314.040008544922,173959800,305.488708496094
"628",309.489990234375,323.410003662109,303.75,310.200012207031,193260900,301.753265380859
"629",304.070007324219,313.910003662109,295.609985351562,296.029998779297,181632200,287.969116210938
"630",292.200012207031,308.5,276.049987792969,308.260009765625,352234000,299.866088867188
"631",308.950012207031,315.119995117188,299.959991455078,305.940002441406,202857400,297.609344482422
"632",306.170013427734,311.929992675781,294.220001220703,295.040008544922,176801000,287.006042480469
"633",293.769989013672,300.869995117188,286.309997558594,287.929992675781,160125500,280.668853759766
"634",285,297.630004882812,271.519989013672,297.309997558594,169083700,289.812255859375
"635",294.309997558594,303.130004882812,287.170013427734,289.859985351562,157389300,282.550140380859
"636",288.529998779297,289.690002441406,270,280.070007324219,184358500,273.006988525391
"637",280.339996337891,301,275.820007324219,300.429992675781,176939300,292.853546142578
"638",298.890014648438,305.5,294.899993896484,303.679992675781,128717300,296.021606445312
"639",304.329986572266,315.950012207031,304.329986572266,309.420013427734,148667800,301.616851806641
"640",310.089996337891,315.109985351562,296.279998779297,296.970001220703,143329800,289.480895996094
"641",291.790008544922,292.609985351562,279.320007324219,279.829986572266,115664800,272.773071289062
"642",278.910003662109,293.299987792969,273.380004882812,274.029998779297,124842800,267.119415283203
"643",273.290008544922,290.980010986328,270,277.519989013672,216395500,270.521270751953
"644",277.709991455078,290.880004882812,271.269989013672,274.730010986328,175769700,267.801727294922
"645",270.059997558594,273.75,250.020004272461,261.119995117188,221997200,254.534927368164
"646",259.959991455078,268.329986572266,246.440002441406,252.559997558594,164627300,246.764205932617
"647",255.490005493164,273.339996337891,253.429992675781,273.239990234375,142680100,266.969635009766
"648",272.529998779297,277.690002441406,261.600006103516,270.019989013672,135187100,263.823547363281
"649",272.059997558594,274.179992675781,252.529998779297,252.990005493164,120495800,247.184341430664
"650",245.110000610352,255.300003051758,241.509994506836,247.649993896484,184153000,241.966873168945
"651",250.259994506836,267.980010986328,249.509994506836,267.700012207031,115652800,261.556793212891
"652",268.209991455078,268.299987792969,252.899993896484,259.579986572266,126549000,253.623092651367
"653",256.160003662109,269.059997558594,254.740005493164,267.660003662109,87284100,261.517730712891
"654",265.649993896484,266.529998779297,245.940002441406,256.720001220703,139698000,250.828735351562
"655",259.75,265.329986572266,253.300003051758,260.359985351562,113061900,254.385192871094
"656",261,282,249.570007324219,280.739990234375,172010100,274.297546386719
"657",277.820007324219,283.799987792969,272.380004882812,282.910003662109,102686000,276.417724609375
"658",284.049987792969,291.910003662109,277.609985351562,291.910003662109,109517800,285.211212158203
"659",291,294.179992675781,285.559997558594,286.149993896484,92198200,280.176818847656
"660",282.079986572266,282.459991455078,267.980010986328,268.089996337891,104858200,262.493804931641
"661",265.850006103516,267.399993896484,254.470001220703,256.059997558594,114016200,250.714935302734
"662",256.200012207031,265.230010986328,251.940002441406,264.459991455078,87859500,258.939575195312
"663",265.779998779297,267.450012207031,242.059997558594,244.740005493164,147336700,239.631256103516
"664",242.470001220703,247.660003662109,235.199996948242,237.919998168945,147350000,232.953598022461
"665",237.050003051758,242.330001831055,232.729995727539,232.899993896484,146921600,228.038375854492
"666",235.410003662109,250.580001831055,233.169998168945,234.240005493164,142125400,229.350402832031
"667",233.050003051758,237.240005493164,219.130004882812,228.559997558594,154871900,223.788955688477
"668",235.820007324219,243.929992675781,234.289993286133,242.119995117188,122568300,237.065902709961
"669",243.759994506836,251.039993286133,225.779998779297,235.869995117188,223302200,230.946365356445
"670",233.759994506836,235.740005493164,213.429992675781,221.389999389648,170779600,216.768646240234
"671",221.990005493164,247.990005493164,221.279998779297,247.110000610352,170431600,241.951766967773
"672",241.990005493164,247,237.630004882812,241.220001220703,137343700,236.850341796875
"673",241.429992675781,248.699996948242,240.710006713867,247.490005493164,74769700,243.006729125977
"674",246.080001831055,256.119995117188,238.210006713867,255.020004272461,137898700,250.400344848633
"675",252.009994506836,253.820007324219,242.210006713867,245.419998168945,109602000,240.974243164062
"676",247.449996948242,263.920013427734,243.509994506836,244.690002441406,229935300,240.257476806641
"677",244.860000610352,245.619995117188,233.869995117188,238.729995727539,128396500,234.40544128418
"678",238.699996948242,241.919998168945,234.169998168945,239.820007324219,75854900,235.475662231445
"679",243.080001831055,245.75,219.350006103516,224.929992675781,159562600,220.855407714844
"680",226.449996948242,239.899993896484,226.410003662109,239.229995727539,131675800,234.896362304688
"681",237.970001220703,242.380004882812,230.679992675781,240.220001220703,123872800,235.868438720703
"682",241.100006103516,249.830001831055,230.899993896484,248.160003662109,198648400,243.664611816406
"683",244.509994506836,264.690002441406,242.199996948242,258.350006103516,152686100,253.669967651367
"684",257.440002441406,276.760009765625,254.779998779297,263.100006103516,196239000,258.333984375
"685",267.640014648438,274.970001220703,256,258.059997558594,170204900,254.019882202148
"686",254.479995727539,256.839996337891,248.100006103516,249.220001220703,105098500,245.318313598633
"687",252.460006713867,255.619995117188,245.610000610352,255.289993286133,126814600,251.293273925781
"688",256.429992675781,260.119995117188,247.600006103516,248.589996337891,117910500,244.698165893555
"689",247.399993896484,283.329986572266,245.729995727539,279.429992675781,237284200,275.055358886719
"690",276.980010986328,281.059997558594,269.519989013672,280.570007324219,177681500,276.177490234375
"691",280.5,289.269989013672,272.049987792969,288.299987792969,131625200,283.786468505859
"692",286.519989013672,292.079986572266,282.029998779297,291.600006103516,102542700,287.034851074219
"693",289.209991455078,289.899993896484,281.640014648438,286.140014648438,122993600,281.660308837891
"694",289.929992675781,291.760009765625,283.059997558594,285.760009765625,106069100,281.286254882812
"695",282.089996337891,308.929992675781,275.369995117188,307.260009765625,219891700,302.44970703125
"696",306.970001220703,311.970001220703,303.399993896484,310.649993896484,120760400,305.786529541016
"697",310.130004882812,313,306.089996337891,308.970001220703,124175700,304.132904052734
"698",309.100006103516,319.040008544922,307.589996337891,318.339996337891,122187300,314.041198730469
"699",318.600006103516,333.399993896484,312.609985351562,332.890014648438,158230100,328.394805908203
"700",335.230010986328,337.5,324.720001220703,335.399993896484,128091600,330.870819091797
"701",335.220001220703,338.559997558594,322.5,326.790008544922,128213000,322.377136230469
"702",328.579986572266,351.470001220703,325.160003662109,342.329986572266,158648100,337.707244873047
"703",339.309997558594,342.079986572266,332.070007324219,335.019989013672,98134700,330.495941162109
"704",333.720001220703,342.730010986328,328.489990234375,340.540008544922,109955000,335.941436767578
"705",339.190002441406,342.989990234375,334.730010986328,337.220001220703,80027600,332.666290283203
"706",334.600006103516,351.429992675781,327,345.239990234375,138354300,340.577941894531
"707",345.679992675781,366.779998779297,339.829986572266,343.769989013672,228116800,339.127807617188
"708",345.850006103516,351.890014648438,329.049987792969,338.369995117188,194819700,333.800750732422
"709",336.920013427734,338.540008544922,325.950012207031,327.779998779297,113500600,323.353759765625
"710",328.369995117188,331.109985351562,319.209991455078,321.010009765625,106898700,316.675201416016
"711",321.390014648438,325.089996337891,311.549987792969,316.480010986328,102503300,312.867340087891
"712",317.929992675781,332.980010986328,317.040008544922,322.980010986328,106273900,319.293151855469
"713",325.660003662109,331.989990234375,321.720001220703,328.660003662109,90657400,324.908325195312
"714",329,336.160003662109,328.660003662109,334.269989013672,74000800,330.454254150391
"715",337.239990234375,340.859985351562,329.649993896484,330.220001220703,108627100,326.450531005859
"716",327.799987792969,330.399993896484,315,317.010009765625,111754000,313.391326904297
"717",316.589996337891,319.470001220703,309.450012207031,315.75,107367600,312.145690917969
"718",316.279998779297,329.190002441406,311.209991455078,327.260009765625,104934700,323.524322509766
"719",324.75,333.829986572266,323.179992675781,327.730010986328,100897000,323.988891601562
"720",331.049987792969,336.880004882812,325.450012207031,326.670013427734,113714800,322.941040039062
"721",325.470001220703,346.200012207031,324.390014648438,329.809997558594,178267100,326.045196533203
"722",333.410003662109,354.390014648438,331.829986572266,352.799987792969,119224300,348.772735595703
"723",353.450012207031,370.100006103516,353.350006103516,369.670013427734,129319400,365.4501953125
"724",368.220001220703,376.350006103516,365.899993896484,369.850006103516,141869800,366.370178222656
"725",371.220001220703,379.790008544922,371,377.429992675781,114410100,373.878875732422
"726",376.779998779297,384.299987792969,371.309997558594,374.510009765625,135170500,370.986419677734
"727",369.100006103516,374.459991455078,362.899993896484,374.230010986328,119574100,370.708984375
"728",368.480010986328,377.640014648438,364.130004882812,370.730010986328,205258300,367.241943359375
"729",369.450012207031,376.029998779297,368.679992675781,374.579986572266,103522400,371.0556640625
"730",375,377.160003662109,372.809997558594,376.040008544922,60628500,372.501983642578
"731",373.859985351562,375.899993896484,366.5,367.75,90230600,364.289978027344
"732",369.299987792969,390.679992675781,369.010009765625,388.470001220703,118974700,384.815032958984
"733",393.660003662109,398.670013427734,384.809997558594,398.670013427734,102100500,394.919036865234
"734",400.019989013672,407.010009765625,393.589996337891,403.929992675781,111234300,400.129547119141
"735",406.059997558594,415.320007324219,397.209991455078,411.220001220703,164761600,407.350952148438
"736",409.899993896484,420.820007324219,402.910003662109,420.549987792969,109333500,416.593200683594
"737",420.559997558594,420.739990234375,403.390014648438,404.059997558594,113535600,400.99853515625
"738",403.239990234375,415.859985351562,397.220001220703,410.339996337891,86244800,407.23095703125
"739",411.459991455078,415.869995117188,403.850006103516,415.5,93960000,412.351837158203
"740",413.440002441406,417.350006103516,398.390014648438,406.220001220703,103549500,403.142150878906
"741",403.760009765625,427.820007324219,401.260009765625,416.420013427734,134900800,413.264862060547
"742",414.25,430.820007324219,413.779998779297,428.739990234375,96736700,425.491516113281
"743",425.239990234375,427.410003662109,419.010009765625,420.720001220703,73362300,417.532287597656
"744",423.950012207031,428.670013427734,417.570007324219,425.519989013672,86645500,422.295928955078
"745",425.170013427734,429.369995117188,419.700012207031,421.899993896484,80199800,418.703338623047
"746",426.600006103516,426.820007324219,397.769989013672,399.119995117188,104201000,396.095947265625
"747",400.079986572266,413,388.029998779297,406.320007324219,121367900,403.241394042969
"748",405.25,407.149993896484,389.170013427734,406.660003662109,107082100,403.578796386719
"749",408.760009765625,415.380004882812,406.369995117188,414.739990234375,76899100,411.597595214844
"750",418.010009765625,425.420013427734,410.820007324219,420.209991455078,85671300,417.778350830078
"751",420.209991455078,433.600006103516,419.989990234375,430.160003662109,84856600,427.670776367188
"752",429.630004882812,430.940002441406,404.510009765625,415.130004882812,107655200,412.727752685547
"753",415.529998779297,426.279998779297,408.920013427734,423.850006103516,77304600,421.397308349609
"754",424.700012207031,443.399993896484,423.890014648438,442.570007324219,80462900,440.008972167969
"755",442.589996337891,450.940002441406,440.720001220703,449.779998779297,92266100,447.17724609375
"756",449.799987792969,456.170013427734,446.410003662109,446.950012207031,92336800,444.363616943359
"757",448.660003662109,468.350006103516,445.660003662109,467.559997558594,57575700,464.854339599609
"758",466.549987792969,467.700012207031,450.649993896484,453.549987792969,87801100,450.925415039062
"759",453.299987792969,457.260009765625,432,437.109985351562,95118300,434.58056640625
"760",441.790008544922,448.390014648438,417.269989013672,425.269989013672,109249300,422.809051513672
"761",431.579986572266,432.149993896484,404.339996337891,408.489990234375,150439100,406.126159667969
"762",389.170013427734,410.079986572266,385.579986572266,406.019989013672,125786300,403.670440673828
"763",407.059997558594,421.339996337891,404.239990234375,418.470001220703,97971900,416.798309326172
"764",418.959991455078,426.790008544922,412.089996337891,416.790008544922,85544600,415.125030517578
"765",416.369995117188,422.049987792969,407.309997558594,417.140014648438,82881900,415.4736328125
"766",417.910003662109,419.880004882812,400.799987792969,401.700012207031,69254400,400.095336914062
"767",407.239990234375,431.829986572266,402.149993896484,430.589996337891,87449700,428.869873046875
"768",430.600006103516,441.850006103516,428.220001220703,435.269989013672,128480600,433.531188964844
"769",434.279998779297,436.459991455078,426.100006103516,428.019989013672,74929200,426.310150146484
"770",428.209991455078,430.420013427734,414.290008544922,416.059997558594,85338600,414.39794921875
"771",416,420.380004882812,408.170013427734,416.320007324219,83116700,414.656921386719
"772",417.769989013672,424.040008544922,410.480010986328,418.160003662109,83027500,416.489532470703
"773",416.119995117188,432.519989013672,413.75,428.149993896484,89823400,426.439636230469
"774",431.660003662109,438.5,406.299987792969,410.369995117188,140477000,408.730651855469
"775",409.799987792969,426.850006103516,405.570007324219,422.540008544922,100773300,420.85205078125
"776",422.519989013672,429.329986572266,413.640014648438,415,123901200,413.342193603516
"777",414.869995117188,419.779998779297,410.290008544922,417,107662000,416.16552734375
"778",418.380004882812,429.040008544922,414.850006103516,423.459991455078,85754300,422.612609863281
"779",421.570007324219,446.100006103516,421.309997558594,443.570007324219,105037400,442.682373046875
"780",442.600006103516,456.160003662109,440.5,447.269989013672,97826700,446.374938964844
"781",447.269989013672,455.290008544922,428.630004882812,436.600006103516,158004200,435.726318359375
"782",436.739990234375,440.940002441406,426.350006103516,430.529998779297,52628900,429.66845703125
"783",426.059997558594,427.549987792969,420.660003662109,421.5,26405200,420.656524658203
